{"cameraMode":{"drawMode":0,"name":"Shaded","section":"Shading Mode"},"sceneLighting":true,"audioPlay":false,"sceneViewState":{"m_AlwaysRefresh":false,"showFog":true,"showSkybox":true,"showFlares":true,"showImageEffects":true,"showParticleSystems":true,"showVisualEffectGraphs":true,"m_FxEnabled":false},"in2DMode":false,"pivot":{"x":54.818389892578128,"y":5.4855732917785648,"z":-32.084510803222659},"rotation":{"x":0.006821122951805592,"y":0.8919245004653931,"z":-0.01304642204195261,"w":0.45222920179367068},"size":7.437037467956543,"orthographic":false}