{"cameraMode":{"drawMode":0,"name":"Shaded","section":"Shading Mode"},"sceneLighting":true,"audioPlay":false,"sceneViewState":{"m_AlwaysRefresh":false,"showFog":true,"showSkybox":true,"showFlares":true,"showImageEffects":true,"showParticleSystems":true,"showVisualEffectGraphs":true,"m_FxEnabled":false},"in2DMode":false,"pivot":{"x":169.5913848876953,"y":-1.6166515350341797,"z":182.79498291015626},"rotation":{"x":-0.17091836035251618,"y":-0.47643348574638369,"z":0.0950104221701622,"w":-0.8572327494621277},"size":4.5358710289001469,"orthographic":false}