{"cameraMode":{"drawMode":0,"name":"Shaded","section":"Shading Mode"},"sceneLighting":true,"audioPlay":false,"sceneViewState":{"m_AlwaysRefresh":false,"showFog":true,"showSkybox":true,"showFlares":true,"showImageEffects":true,"showParticleSystems":true,"showVisualEffectGraphs":true,"m_FxEnabled":false},"in2DMode":false,"pivot":{"x":24.781383514404298,"y":2.9609527587890627,"z":39.724952697753909},"rotation":{"x":0.07054466009140015,"y":-0.7537040114402771,"z":0.0792030319571495,"w":0.6490610837936401},"size":1.6707450151443482,"orthographic":false}