{"cameraMode":{"drawMode":0,"name":"Shaded","section":"Shading Mode"},"sceneLighting":true,"audioPlay":false,"sceneViewState":{"m_AlwaysRefresh":false,"showFog":true,"showSkybox":true,"showFlares":true,"showImageEffects":true,"showParticleSystems":true,"showVisualEffectGraphs":true,"m_FxEnabled":false},"in2DMode":false,"pivot":{"x":170.63980102539063,"y":1.912253975868225,"z":176.01971435546876},"rotation":{"x":0.03616553917527199,"y":-0.7186688780784607,"z":0.033490438014268878,"w":0.6940585374832153},"size":0.5218763947486877,"orthographic":false}