{"cameraMode":{"drawMode":0,"name":"Shaded","section":"Shading Mode"},"sceneLighting":true,"audioPlay":false,"sceneViewState":{"m_AlwaysRefresh":false,"showFog":true,"showSkybox":true,"showFlares":true,"showImageEffects":true,"showParticleSystems":true,"showVisualEffectGraphs":true,"m_FxEnabled":false},"in2DMode":false,"pivot":{"x":25.177310943603517,"y":1.4734076261520386,"z":-7.6131157875061039},"rotation":{"x":-0.008560406975448132,"y":-0.7884682416915894,"z":-0.012711122632026673,"w":0.6152641177177429},"size":1.6359920501708985,"orthographic":false}