{"cameraMode":{"drawMode":0,"name":"Shaded","section":"Shading Mode"},"sceneLighting":true,"audioPlay":false,"sceneViewState":{"m_AlwaysRefresh":false,"showFog":true,"showSkybox":true,"showFlares":true,"showImageEffects":true,"showParticleSystems":true,"showVisualEffectGraphs":true,"m_FxEnabled":false},"in2DMode":false,"pivot":{"x":22.30019760131836,"y":0.6724138259887695,"z":-28.684520721435548},"rotation":{"x":0.012218567542731762,"y":-0.9870840311050415,"z":0.1337832808494568,"w":0.08975812792778015},"size":8.770275115966797,"orthographic":false}