{"cameraMode":{"drawMode":0,"name":"Shaded","section":"Shading Mode"},"sceneLighting":true,"audioPlay":false,"sceneViewState":{"m_AlwaysRefresh":false,"showFog":true,"showSkybox":true,"showFlares":true,"showImageEffects":true,"showParticleSystems":true,"showVisualEffectGraphs":true,"m_FxEnabled":false},"in2DMode":false,"pivot":{"x":21.43619728088379,"y":1.6510541439056397,"z":-7.39337158203125},"rotation":{"x":0.004219985567033291,"y":0.9932454824447632,"z":-0.06860042363405228,"w":0.09697984904050827},"size":1.2619645595550538,"orthographic":false}