{"cameraMode":{"drawMode":0,"name":"Shaded","section":"Shading Mode"},"sceneLighting":true,"audioPlay":false,"sceneViewState":{"m_AlwaysRefresh":false,"showFog":true,"showSkybox":true,"showFlares":true,"showImageEffects":true,"showParticleSystems":true,"showVisualEffectGraphs":true,"m_FxEnabled":false},"in2DMode":false,"pivot":{"x":-131.04360961914063,"y":-569.5955200195313,"z":124.25726318359375},"rotation":{"x":-0.054542023688554767,"y":0.9454156756401062,"z":-0.18266242742538453,"w":-0.26555633544921877},"size":14.478808403015137,"orthographic":false}