{"cameraMode":{"drawMode":0,"name":"Shaded","section":"Shading Mode"},"sceneLighting":true,"audioPlay":false,"sceneViewState":{"m_AlwaysRefresh":false,"showFog":true,"showSkybox":true,"showFlares":true,"showImageEffects":true,"showParticleSystems":true,"showVisualEffectGraphs":true,"m_FxEnabled":false},"in2DMode":false,"pivot":{"x":560.4898071289063,"y":302.7064514160156,"z":289.13043212890627},"rotation":{"x":-0.008687996305525303,"y":0.02067805640399456,"z":0.00019323000742588192,"w":0.9997625350952148},"size":486.9638977050781,"orthographic":false}