{"cameraMode":{"drawMode":0,"name":"Shaded","section":"Shading Mode"},"sceneLighting":true,"audioPlay":false,"sceneViewState":{"m_AlwaysRefresh":false,"showFog":true,"showSkybox":true,"showFlares":true,"showImageEffects":true,"showParticleSystems":true,"showVisualEffectGraphs":true,"m_FxEnabled":false},"in2DMode":false,"pivot":{"x":175.01544189453126,"y":2.2639498710632326,"z":186.60218811035157},"rotation":{"x":0.009433645755052567,"y":0.9867430329322815,"z":-0.06256531924009323,"w":0.14975547790527345},"size":6.827138423919678,"orthographic":false}