{"cameraMode":{"drawMode":0,"name":"Shaded","section":"Shading Mode"},"sceneLighting":true,"audioPlay":false,"sceneViewState":{"m_AlwaysRefresh":false,"showFog":true,"showSkybox":true,"showFlares":true,"showImageEffects":true,"showParticleSystems":true,"showVisualEffectGraphs":true,"m_FxEnabled":false},"in2DMode":false,"pivot":{"x":-36.92678451538086,"y":13.878969192504883,"z":-72.76393127441406},"rotation":{"x":-0.015050706453621388,"y":0.9682236909866333,"z":-0.24579082429409028,"w":-0.050682615488767627},"size":7.837966442108154,"orthographic":false}