{"cameraMode":{"drawMode":0,"name":"Shaded","section":"Shading Mode"},"sceneLighting":true,"audioPlay":false,"sceneViewState":{"m_AlwaysRefresh":false,"showFog":true,"showSkybox":true,"showFlares":true,"showImageEffects":true,"showParticleSystems":true,"showVisualEffectGraphs":true,"m_FxEnabled":false},"in2DMode":false,"pivot":{"x":172.04615783691407,"y":1.9472590684890748,"z":174.15638732910157},"rotation":{"x":-0.06426338106393814,"y":-0.8245761394500732,"z":0.10075203329324722,"w":-0.553557276725769},"size":0.5218763947486877,"orthographic":false}