{"cameraMode":{"drawMode":0,"name":"Shaded","section":"Shading Mode"},"sceneLighting":true,"audioPlay":false,"sceneViewState":{"m_AlwaysRefresh":false,"showFog":true,"showSkybox":true,"showFlares":true,"showImageEffects":true,"showParticleSystems":true,"showVisualEffectGraphs":true,"m_FxEnabled":false},"in2DMode":false,"pivot":{"x":680.2798461914063,"y":329.27423095703127,"z":78.3033447265625},"rotation":{"x":0.004810073412954807,"y":-0.0033199368044734,"z":0.000028247588488738984,"w":0.9999995827674866},"size":446.83050537109377,"orthographic":false}