{"cameraMode":{"drawMode":0,"name":"Shaded","section":"Shading Mode"},"sceneLighting":true,"audioPlay":false,"sceneViewState":{"m_AlwaysRefresh":false,"showFog":true,"showSkybox":true,"showFlares":true,"showImageEffects":true,"showParticleSystems":true,"showVisualEffectGraphs":true,"m_FxEnabled":false},"in2DMode":false,"pivot":{"x":643.2256469726563,"y":229.08180236816407,"z":225.5787353515625},"rotation":{"x":-0.006307930685579777,"y":0.023408854380249978,"z":-0.00014533119974657893,"w":-0.9997112154960632},"size":388.2527770996094,"orthographic":false}