{"cameraMode":{"drawMode":0,"name":"Shaded","section":"Shading Mode"},"sceneLighting":true,"audioPlay":false,"sceneViewState":{"m_AlwaysRefresh":false,"showFog":true,"showSkybox":true,"showFlares":true,"showImageEffects":true,"showParticleSystems":true,"showVisualEffectGraphs":true,"m_FxEnabled":false},"in2DMode":false,"pivot":{"x":74.57383728027344,"y":1.4839885234832764,"z":-43.70212173461914},"rotation":{"x":-0.0010472142603248358,"y":0.9941577911376953,"z":-0.11053170263767243,"w":0.005103627219796181},"size":4.287559509277344,"orthographic":false}