{"cameraMode":{"drawMode":0,"name":"Shaded","section":"Shading Mode"},"sceneLighting":true,"audioPlay":false,"sceneViewState":{"m_AlwaysRefresh":false,"showFog":true,"showSkybox":true,"showFlares":true,"showImageEffects":true,"showParticleSystems":true,"showVisualEffectGraphs":true,"m_FxEnabled":false},"in2DMode":false,"pivot":{"x":20.021507263183595,"y":0.7217145562171936,"z":-4.325250625610352},"rotation":{"x":-0.34806129336357119,"y":0.16453883051872254,"z":-0.06174120306968689,"w":-0.9211011528968811},"size":1.1258862018585206,"orthographic":false}