{"cameraMode":{"drawMode":0,"name":"Shaded","section":"Shading Mode"},"sceneLighting":true,"audioPlay":false,"sceneViewState":{"m_AlwaysRefresh":false,"showFog":true,"showSkybox":true,"showFlares":true,"showImageEffects":true,"showParticleSystems":true,"showVisualEffectGraphs":true,"m_FxEnabled":false},"in2DMode":false,"pivot":{"x":550.4469604492188,"y":202.71121215820313,"z":33.1458740234375},"rotation":{"x":0.0767236202955246,"y":0.017627831548452379,"z":-0.0013484781375154853,"w":0.9969053268432617},"size":606.7494506835938,"orthographic":false}