{"cameraMode":{"drawMode":0,"name":"Shaded","section":"Shading Mode"},"sceneLighting":true,"audioPlay":false,"sceneViewState":{"m_AlwaysRefresh":false,"showFog":true,"showSkybox":true,"showFlares":true,"showImageEffects":true,"showParticleSystems":true,"showVisualEffectGraphs":true,"m_FxEnabled":false},"in2DMode":false,"pivot":{"x":26.756486892700197,"y":0.15167629718780518,"z":-3.3138833045959474},"rotation":{"x":-0.15817010402679444,"y":-0.7920438647270203,"z":0.23045037686824799,"w":-0.5431279540061951},"size":0.9458773732185364,"orthographic":false}