{"cameraMode":{"drawMode":0,"name":"Shaded","section":"Shading Mode"},"sceneLighting":true,"audioPlay":false,"sceneViewState":{"m_AlwaysRefresh":false,"showFog":true,"showSkybox":true,"showFlares":true,"showImageEffects":true,"showParticleSystems":true,"showVisualEffectGraphs":true,"m_FxEnabled":false},"in2DMode":false,"pivot":{"x":724.4476928710938,"y":342.4751892089844,"z":71.56781005859375},"rotation":{"x":0.010803068056702614,"y":-0.034811243414878848,"z":0.00038871116703376174,"w":0.9993507862091065},"size":409.1760559082031,"orthographic":false}