{"cameraMode":{"drawMode":0,"name":"Shaded","section":"Shading Mode"},"sceneLighting":true,"audioPlay":false,"sceneViewState":{"m_AlwaysRefresh":false,"showFog":true,"showSkybox":true,"showFlares":true,"showImageEffects":true,"showParticleSystems":true,"showVisualEffectGraphs":true,"m_FxEnabled":false},"in2DMode":false,"pivot":{"x":100.73942565917969,"y":1.7398208379745484,"z":109.79229736328125},"rotation":{"x":0.0001538499491289258,"y":0.9973046183586121,"z":-0.07374469935894013,"w":0.0021114361006766559},"size":3.830625295639038,"orthographic":false}