{"cameraMode":{"drawMode":0,"name":"Shaded","section":"Shading Mode"},"sceneLighting":true,"audioPlay":false,"sceneViewState":{"m_AlwaysRefresh":false,"showFog":true,"showSkybox":true,"showFlares":true,"showImageEffects":true,"showParticleSystems":true,"showVisualEffectGraphs":true,"m_FxEnabled":false},"in2DMode":false,"pivot":{"x":64.2348403930664,"y":23.369903564453126,"z":235.6873016357422},"rotation":{"x":0.24163925647735597,"y":-0.07591051608324051,"z":0.018958188593387605,"w":0.9672434329986572},"size":93.04983520507813,"orthographic":false}