{"cameraMode":{"drawMode":0,"name":"Shaded","section":"Shading Mode"},"sceneLighting":true,"audioPlay":false,"sceneViewState":{"m_AlwaysRefresh":false,"showFog":true,"showSkybox":true,"showFlares":true,"showImageEffects":true,"showParticleSystems":true,"showVisualEffectGraphs":true,"m_FxEnabled":false},"in2DMode":false,"pivot":{"x":-151.65467834472657,"y":-566.4857788085938,"z":173.62054443359376},"rotation":{"x":0.05790112167596817,"y":-0.34938856959342959,"z":0.019870378077030183,"w":0.9352439045906067},"size":23.670940399169923,"orthographic":false}