{"cameraMode":{"drawMode":0,"name":"Shaded","section":"Shading Mode"},"sceneLighting":true,"audioPlay":false,"sceneViewState":{"m_AlwaysRefresh":false,"showFog":true,"showSkybox":true,"showFlares":true,"showImageEffects":true,"showParticleSystems":true,"showVisualEffectGraphs":true,"m_FxEnabled":false},"in2DMode":false,"pivot":{"x":174.11663818359376,"y":0.5125854015350342,"z":171.8419952392578},"rotation":{"x":0.0513375848531723,"y":0.8802037835121155,"z":-0.10293089598417282,"w":0.46116286516189577},"size":3.7798025608062746,"orthographic":false}