{"cameraMode":{"drawMode":0,"name":"Shaded","section":"Shading Mode"},"sceneLighting":true,"audioPlay":false,"sceneViewState":{"m_AlwaysRefresh":false,"showFog":true,"showSkybox":true,"showFlares":true,"showImageEffects":true,"showParticleSystems":true,"showVisualEffectGraphs":true,"m_FxEnabled":false},"in2DMode":false,"pivot":{"x":30.68498992919922,"y":0.021732449531555177,"z":30.820438385009767},"rotation":{"x":-0.09963198751211167,"y":-0.08734758198261261,"z":0.009392354637384415,"w":-0.9913761019706726},"size":0.7739109396934509,"orthographic":false}