{"cameraMode":{"drawMode":0,"name":"Shaded","section":"Shading Mode"},"sceneLighting":false,"audioPlay":false,"sceneViewState":{"m_AlwaysRefresh":false,"showFog":true,"showSkybox":false,"showFlares":true,"showImageEffects":true,"showParticleSystems":true,"showVisualEffectGraphs":true,"m_FxEnabled":false},"in2DMode":false,"pivot":{"x":-0.9653366208076477,"y":4.722711563110352,"z":8.487384796142579},"rotation":{"x":-0.0027041269931942226,"y":0.9961680769920349,"z":-0.0841866135597229,"w":-0.028670648112893106},"size":3.486492156982422,"orthographic":false}