{"cameraMode":{"drawMode":0,"name":"Shaded","section":"Shading Mode"},"sceneLighting":false,"audioPlay":false,"sceneViewState":{"m_AlwaysRefresh":false,"showFog":true,"showSkybox":false,"showFlares":true,"showImageEffects":true,"showParticleSystems":true,"showVisualEffectGraphs":true,"m_FxEnabled":false},"in2DMode":false,"pivot":{"x":0.2070636749267578,"y":5.069039344787598,"z":0.04000568389892578},"rotation":{"x":0.27179762721061709,"y":0.04375236853957176,"z":-0.01172611117362976,"w":0.9617142677307129},"size":12.998632431030274,"orthographic":false}