{"cameraMode":{"drawMode":0,"name":"Shaded","section":"Shading Mode"},"sceneLighting":true,"audioPlay":false,"sceneViewState":{"m_AlwaysRefresh":false,"showFog":true,"showSkybox":true,"showFlares":true,"showImageEffects":true,"showParticleSystems":true,"showVisualEffectGraphs":true,"m_FxEnabled":false},"in2DMode":false,"pivot":{"x":-211.30157470703126,"y":277.1682434082031,"z":756.5943603515625},"rotation":{"x":0.06226971000432968,"y":-0.36834245920181277,"z":0.025989871472120286,"w":0.9276493191719055},"size":705.8410034179688,"orthographic":false}