{"cameraMode":{"drawMode":0,"name":"Shaded","section":"Shading Mode"},"sceneLighting":true,"audioPlay":false,"sceneViewState":{"m_AlwaysRefresh":false,"showFog":true,"showSkybox":true,"showFlares":true,"showImageEffects":true,"showParticleSystems":true,"showVisualEffectGraphs":true,"m_FxEnabled":false},"in2DMode":false,"pivot":{"x":18.911088943481447,"y":3.3714590072631838,"z":-0.21320772171020509},"rotation":{"x":-0.20326891541481019,"y":0.41961073875427248,"z":-0.1092219278216362,"w":-0.8786491751670837},"size":4.108190059661865,"orthographic":false}