{"cameraMode":{"drawMode":0,"name":"Shaded","section":"Shading Mode"},"sceneLighting":true,"audioPlay":false,"sceneViewState":{"m_AlwaysRefresh":false,"showFog":true,"showSkybox":true,"showFlares":true,"showImageEffects":true,"showParticleSystems":true,"showVisualEffectGraphs":true,"m_FxEnabled":false},"in2DMode":false,"pivot":{"x":29.17105484008789,"y":-28.73902702331543,"z":116.66502380371094},"rotation":{"x":-0.16812865436077119,"y":-0.009881600737571717,"z":0.0022845338098704817,"w":-0.9859481453895569},"size":57.64559555053711,"orthographic":false}