{"cameraMode":{"drawMode":0,"name":"Shaded","section":"Shading Mode"},"sceneLighting":true,"audioPlay":false,"sceneViewState":{"m_AlwaysRefresh":false,"showFog":true,"showSkybox":true,"showFlares":true,"showImageEffects":true,"showParticleSystems":true,"showVisualEffectGraphs":true,"m_FxEnabled":false},"in2DMode":false,"pivot":{"x":22.00122833251953,"y":1.6323256492614747,"z":-1.6532678604125977},"rotation":{"x":0.09137648344039917,"y":-0.01757589913904667,"z":0.0020284808706492187,"w":0.995969295501709},"size":0.6565544009208679,"orthographic":false}