{"cameraMode":{"drawMode":0,"name":"Shaded","section":"Shading Mode"},"sceneLighting":true,"audioPlay":false,"sceneViewState":{"m_AlwaysRefresh":false,"showFog":true,"showSkybox":true,"showFlares":true,"showImageEffects":true,"showParticleSystems":true,"showVisualEffectGraphs":true,"m_FxEnabled":false},"in2DMode":false,"pivot":{"x":29.195138931274415,"y":1.2038861513137818,"z":-5.21934175491333},"rotation":{"x":0.007722414098680019,"y":0.7044495344161987,"z":-0.006286489777266979,"w":0.7101549506187439},"size":2.6833367347717287,"orthographic":false}