{"cameraMode":{"drawMode":0,"name":"Shaded","section":"Shading Mode"},"sceneLighting":true,"audioPlay":false,"sceneViewState":{"m_AlwaysRefresh":false,"showFog":true,"showSkybox":true,"showFlares":true,"showImageEffects":true,"showParticleSystems":true,"showVisualEffectGraphs":true,"m_FxEnabled":false},"in2DMode":false,"pivot":{"x":587.2743530273438,"y":256.3995056152344,"z":12.09228515625},"rotation":{"x":-0.013809424825012684,"y":0.012907310388982296,"z":-0.00010021070920629427,"w":-0.9998654723167419},"size":329.2993469238281,"orthographic":false}