{"cameraMode":{"drawMode":0,"name":"Shaded","section":"Shading Mode"},"sceneLighting":true,"audioPlay":false,"sceneViewState":{"m_AlwaysRefresh":false,"showFog":true,"showSkybox":true,"showFlares":true,"showImageEffects":true,"showParticleSystems":true,"showVisualEffectGraphs":true,"m_FxEnabled":false},"in2DMode":false,"pivot":{"x":26.725309371948243,"y":1.2261991500854493,"z":-2.1241536140441896},"rotation":{"x":0.007128676399588585,"y":-0.9924637675285339,"z":0.10639366507530213,"w":0.06345372647047043},"size":0.887632429599762,"orthographic":false}