{"cameraMode":{"drawMode":0,"name":"Shaded","section":"Shading Mode"},"sceneLighting":true,"audioPlay":false,"sceneViewState":{"m_AlwaysRefresh":false,"showFog":true,"showSkybox":true,"showFlares":true,"showImageEffects":true,"showParticleSystems":true,"showVisualEffectGraphs":true,"m_FxEnabled":false},"in2DMode":false,"pivot":{"x":17.763166427612306,"y":-1.139045000076294,"z":-0.8435871601104736},"rotation":{"x":0.28785762190818789,"y":-0.39246371388435366,"z":0.1315656453371048,"w":0.8640425801277161},"size":3.1047747135162355,"orthographic":false}