{"cameraMode":{"drawMode":0,"name":"Shaded","section":"Shading Mode"},"sceneLighting":true,"audioPlay":false,"sceneViewState":{"m_AlwaysRefresh":false,"showFog":true,"showSkybox":true,"showFlares":true,"showImageEffects":true,"showParticleSystems":true,"showVisualEffectGraphs":true,"m_FxEnabled":false},"in2DMode":false,"pivot":{"x":-44.76242446899414,"y":-15.136344909667969,"z":7.577054977416992},"rotation":{"x":0.27179762721061709,"y":0.04375236853957176,"z":-0.01172611117362976,"w":0.9617142677307129},"size":21.090970993041993,"orthographic":false}