{"cameraMode":{"drawMode":0,"name":"Shaded","section":"Shading Mode"},"sceneLighting":true,"audioPlay":false,"sceneViewState":{"m_AlwaysRefresh":false,"showFog":true,"showSkybox":true,"showFlares":true,"showImageEffects":true,"showParticleSystems":true,"showVisualEffectGraphs":true,"m_FxEnabled":false},"in2DMode":false,"pivot":{"x":169.90792846679688,"y":-7.200155258178711,"z":109.95758056640625},"rotation":{"x":0.01806238293647766,"y":-0.9819674491882324,"z":0.13188119232654572,"w":0.13453230261802674},"size":41.23543930053711,"orthographic":false}