{"cameraMode":{"drawMode":0,"name":"Shaded","section":"Shading Mode"},"sceneLighting":true,"audioPlay":false,"sceneViewState":{"m_AlwaysRefresh":false,"showFog":true,"showSkybox":true,"showFlares":true,"showImageEffects":true,"showParticleSystems":true,"showVisualEffectGraphs":true,"m_FxEnabled":false},"in2DMode":false,"pivot":{"x":45.20174789428711,"y":1.0033445358276368,"z":38.160179138183597},"rotation":{"x":0.003031581174582243,"y":0.017614439129829408,"z":-0.0013003809144720436,"w":-1.0002834796905518},"size":4.515633583068848,"orthographic":false}