{"cameraMode":{"drawMode":0,"name":"Shaded","section":"Shading Mode"},"sceneLighting":true,"audioPlay":false,"sceneViewState":{"m_AlwaysRefresh":false,"showFog":true,"showSkybox":true,"showFlares":true,"showImageEffects":true,"showParticleSystems":true,"showVisualEffectGraphs":true,"m_FxEnabled":false},"in2DMode":false,"pivot":{"x":27.616405487060548,"y":0.5749498009681702,"z":-6.1840105056762699},"rotation":{"x":-0.06733977794647217,"y":-0.8071527481079102,"z":0.09390205144882202,"w":-0.5789331197738648},"size":2.1914143562316896,"orthographic":false}