{"cameraMode":{"drawMode":0,"name":"Shaded","section":"Shading Mode"},"sceneLighting":true,"audioPlay":false,"sceneViewState":{"m_AlwaysRefresh":false,"showFog":true,"showSkybox":true,"showFlares":true,"showImageEffects":true,"showParticleSystems":true,"showVisualEffectGraphs":true,"m_FxEnabled":false},"in2DMode":false,"pivot":{"x":19.942485809326173,"y":1.0301010608673096,"z":-2.677947998046875},"rotation":{"x":0.1195443868637085,"y":-0.15209998190402986,"z":0.016659237444400789,"w":0.9815420508384705},"size":0.9978191256523132,"orthographic":false}