{"cameraMode":{"drawMode":0,"name":"Shaded","section":"Shading Mode"},"sceneLighting":true,"audioPlay":false,"sceneViewState":{"m_AlwaysRefresh":false,"showFog":true,"showSkybox":true,"showFlares":true,"showImageEffects":true,"showParticleSystems":true,"showVisualEffectGraphs":true,"m_FxEnabled":false},"in2DMode":false,"pivot":{"x":19.165935516357423,"y":0.5044119954109192,"z":-3.15347957611084},"rotation":{"x":-0.7631274461746216,"y":-0.15854762494564057,"z":0.20431280136108399,"w":-0.5922549366950989},"size":0.48938989639282229,"orthographic":false}