{"cameraMode":{"drawMode":0,"name":"Shaded","section":"Shading Mode"},"sceneLighting":true,"audioPlay":false,"sceneViewState":{"m_AlwaysRefresh":false,"showFog":true,"showSkybox":true,"showFlares":true,"showImageEffects":true,"showParticleSystems":true,"showVisualEffectGraphs":true,"m_FxEnabled":false},"in2DMode":false,"pivot":{"x":36.43915557861328,"y":0.445584774017334,"z":-26.083383560180665},"rotation":{"x":0.004409873858094215,"y":0.9560118913650513,"z":-0.29414936900138857,"w":0.013156495988368988},"size":2.2600560188293459,"orthographic":false}