{"cameraMode":{"drawMode":0,"name":"Shaded","section":"Shading Mode"},"sceneLighting":true,"audioPlay":false,"sceneViewState":{"m_AlwaysRefresh":false,"showFog":true,"showSkybox":true,"showFlares":true,"showImageEffects":true,"showParticleSystems":true,"showVisualEffectGraphs":true,"m_FxEnabled":false},"in2DMode":false,"pivot":{"x":35.828548431396487,"y":3.374709129333496,"z":-29.173904418945314},"rotation":{"x":0.26460933685302737,"y":-0.30029696226119997,"z":0.08709925413131714,"w":0.9122623205184937},"size":8.980539321899414,"orthographic":false}