{"cameraMode":{"drawMode":0,"name":"Shaded","section":"Shading Mode"},"sceneLighting":true,"audioPlay":false,"sceneViewState":{"m_AlwaysRefresh":false,"showFog":true,"showSkybox":true,"showFlares":true,"showImageEffects":true,"showParticleSystems":true,"showVisualEffectGraphs":true,"m_FxEnabled":false},"in2DMode":false,"pivot":{"x":18.564043045043947,"y":1.7070640325546265,"z":-2.5900182723999025},"rotation":{"x":-0.09796866774559021,"y":0.49570193886756899,"z":-0.056741826236248019,"w":-0.8615920543670654},"size":0.8780519962310791,"orthographic":false}