{"cameraMode":{"drawMode":0,"name":"Shaded","section":"Shading Mode"},"sceneLighting":true,"audioPlay":false,"sceneViewState":{"m_AlwaysRefresh":false,"showFog":true,"showSkybox":true,"showFlares":true,"showImageEffects":true,"showParticleSystems":true,"showVisualEffectGraphs":true,"m_FxEnabled":false},"in2DMode":false,"pivot":{"x":203.5945587158203,"y":0.40899860858917239,"z":175.48565673828126},"rotation":{"x":-0.5494219660758972,"y":-0.17774954438209535,"z":0.11968769878149033,"w":-0.807931125164032},"size":0.35826146602630618,"orthographic":false}