{"cameraMode":{"drawMode":0,"name":"Shaded","section":"Shading Mode"},"sceneLighting":true,"audioPlay":false,"sceneViewState":{"m_AlwaysRefresh":false,"showFog":true,"showSkybox":true,"showFlares":true,"showImageEffects":true,"showParticleSystems":true,"showVisualEffectGraphs":true,"m_FxEnabled":false},"in2DMode":false,"pivot":{"x":67.44990539550781,"y":0.2500218152999878,"z":35.87975311279297},"rotation":{"x":0.009339170530438424,"y":0.985759437084198,"z":-0.15839944779872895,"w":0.05928400531411171},"size":1.6300265789031983,"orthographic":false}