{"cameraMode":{"drawMode":0,"name":"Shaded","section":"Shading Mode"},"sceneLighting":true,"audioPlay":false,"sceneViewState":{"m_AlwaysRefresh":false,"showFog":true,"showSkybox":true,"showFlares":true,"showImageEffects":true,"showParticleSystems":true,"showVisualEffectGraphs":true,"m_FxEnabled":false},"in2DMode":false,"pivot":{"x":1003.9896240234375,"y":462.12274169921877,"z":-1.4349365234375},"rotation":{"x":0.006064523011445999,"y":0.10662516206502915,"z":0.0003031663072761148,"w":0.9948219060897827},"size":334.60455322265627,"orthographic":false}