{"cameraMode":{"drawMode":0,"name":"Shaded","section":"Shading Mode"},"sceneLighting":true,"audioPlay":false,"sceneViewState":{"m_AlwaysRefresh":false,"showFog":true,"showSkybox":true,"showFlares":true,"showImageEffects":true,"showParticleSystems":true,"showVisualEffectGraphs":true,"m_FxEnabled":false},"in2DMode":false,"pivot":{"x":509.7729797363281,"y":317.8403625488281,"z":8.04144287109375},"rotation":{"x":0.04348623380064964,"y":0.0020988881587982179,"z":-0.000091536421678029,"w":0.9990537762641907},"size":419.20855712890627,"orthographic":false}