{"cameraMode":{"drawMode":0,"name":"Shaded","section":"Shading Mode"},"sceneLighting":true,"audioPlay":false,"sceneViewState":{"m_AlwaysRefresh":false,"showFog":true,"showSkybox":true,"showFlares":true,"showImageEffects":true,"showParticleSystems":true,"showVisualEffectGraphs":true,"m_FxEnabled":false},"in2DMode":false,"pivot":{"x":74.75557708740235,"y":1.625687837600708,"z":-44.56919860839844},"rotation":{"x":-0.00016771636728662997,"y":0.9941160082817078,"z":-0.10961329191923142,"w":0.001229592482559383},"size":3.69315505027771,"orthographic":false}