{"cameraMode":{"drawMode":0,"name":"Shaded","section":"Shading Mode"},"sceneLighting":true,"audioPlay":false,"sceneViewState":{"m_AlwaysRefresh":false,"showFog":true,"showSkybox":true,"showFlares":true,"showImageEffects":true,"showParticleSystems":true,"showVisualEffectGraphs":true,"m_FxEnabled":false},"in2DMode":false,"pivot":{"x":25.742849349975587,"y":1.4389371871948243,"z":-4.626136302947998},"rotation":{"x":0.10177888721227646,"y":-0.7252656817436218,"z":0.10983923822641373,"w":0.6719926595687866},"size":2.8677244186401369,"orthographic":false}