{"cameraMode":{"drawMode":0,"name":"Shaded","section":"Shading Mode"},"sceneLighting":true,"audioPlay":false,"sceneViewState":{"m_AlwaysRefresh":false,"showFog":true,"showSkybox":true,"showFlares":true,"showImageEffects":true,"showParticleSystems":true,"showVisualEffectGraphs":true,"m_FxEnabled":false},"in2DMode":false,"pivot":{"x":26.783668518066408,"y":0.8014106750488281,"z":-4.804265022277832},"rotation":{"x":0.04348623380064964,"y":0.0020988881587982179,"z":-0.000091536421678029,"w":0.9990537762641907},"size":1.0327303409576417,"orthographic":false}