{"cameraMode":{"drawMode":0,"name":"Shaded","section":"Shading Mode"},"sceneLighting":true,"audioPlay":false,"sceneViewState":{"m_AlwaysRefresh":false,"showFog":true,"showSkybox":true,"showFlares":true,"showImageEffects":true,"showParticleSystems":true,"showVisualEffectGraphs":true,"m_FxEnabled":false},"in2DMode":false,"pivot":{"x":184.1565399169922,"y":8.532194137573243,"z":158.43466186523438},"rotation":{"x":-0.10911478102207184,"y":-0.05736123025417328,"z":0.006352157332003117,"w":-0.9925480484962463},"size":8.626811027526856,"orthographic":false}