{"cameraMode":{"drawMode":0,"name":"Shaded","section":"Shading Mode"},"sceneLighting":true,"audioPlay":false,"sceneViewState":{"m_AlwaysRefresh":false,"showFog":true,"showSkybox":true,"showFlares":true,"showImageEffects":true,"showParticleSystems":true,"showVisualEffectGraphs":true,"m_FxEnabled":false},"in2DMode":false,"pivot":{"x":-48.246673583984378,"y":-0.36560654640197756,"z":-4.680246829986572},"rotation":{"x":0.2273934930562973,"y":0.04251216724514961,"z":-0.008971850387752056,"w":0.9732199311256409},"size":6.801072120666504,"orthographic":false}