{"cameraMode":{"drawMode":0,"name":"Shaded","section":"Shading Mode"},"sceneLighting":true,"audioPlay":false,"sceneViewState":{"m_AlwaysRefresh":false,"showFog":true,"showSkybox":true,"showFlares":true,"showImageEffects":true,"showParticleSystems":true,"showVisualEffectGraphs":true,"m_FxEnabled":false},"in2DMode":false,"pivot":{"x":-37.54216003417969,"y":-2.701949119567871,"z":-20.243831634521486},"rotation":{"x":0.16047674417495728,"y":-0.05686182901263237,"z":0.009848283603787423,"w":0.9857955574989319},"size":19.023292541503908,"orthographic":false}