{"cameraMode":{"drawMode":0,"name":"Shaded","section":"Shading Mode"},"sceneLighting":true,"audioPlay":false,"sceneViewState":{"m_AlwaysRefresh":false,"showFog":true,"showSkybox":true,"showFlares":true,"showImageEffects":true,"showParticleSystems":true,"showVisualEffectGraphs":true,"m_FxEnabled":false},"in2DMode":false,"pivot":{"x":18.736103057861329,"y":1.4564104080200196,"z":-2.42977237701416},"rotation":{"x":0.001277051866054535,"y":0.34695136547088625,"z":-0.007718331180512905,"w":-0.9383785128593445},"size":0.6050748229026794,"orthographic":false}