{"cameraMode":{"drawMode":0,"name":"Shaded","section":"Shading Mode"},"sceneLighting":true,"audioPlay":false,"sceneViewState":{"m_AlwaysRefresh":false,"showFog":true,"showSkybox":true,"showFlares":true,"showImageEffects":true,"showParticleSystems":true,"showVisualEffectGraphs":true,"m_FxEnabled":false},"in2DMode":false,"pivot":{"x":9.744670867919922,"y":2.064866542816162,"z":0.5233900547027588},"rotation":{"x":0.15950311720371247,"y":-0.14722339808940888,"z":0.02401605062186718,"w":0.9759306311607361},"size":2.137878894805908,"orthographic":false}