{"cameraMode":{"drawMode":0,"name":"Shaded","section":"Shading Mode"},"sceneLighting":true,"audioPlay":false,"sceneViewState":{"m_AlwaysRefresh":false,"showFog":true,"showSkybox":true,"showFlares":true,"showImageEffects":true,"showParticleSystems":true,"showVisualEffectGraphs":true,"m_FxEnabled":false},"in2DMode":false,"pivot":{"x":18.946033477783204,"y":1.7025662660598755,"z":-2.389045238494873},"rotation":{"x":0.05047386884689331,"y":-0.38600367307662966,"z":0.021597178652882577,"w":0.9212490916252136},"size":0.6102905869483948,"orthographic":false}