{"cameraMode":{"drawMode":0,"name":"Shaded","section":"Shading Mode"},"sceneLighting":true,"audioPlay":false,"sceneViewState":{"m_AlwaysRefresh":false,"showFog":true,"showSkybox":true,"showFlares":true,"showImageEffects":true,"showParticleSystems":true,"showVisualEffectGraphs":true,"m_FxEnabled":false},"in2DMode":false,"pivot":{"x":18.737668991088868,"y":1.2468469142913819,"z":-3.3725523948669435},"rotation":{"x":-0.012307408265769482,"y":-0.018586264923214914,"z":0.0002630124508868903,"w":-0.9997756481170654},"size":0.30292245745658877,"orthographic":false}