{"cameraMode":{"drawMode":0,"name":"Shaded","section":"Shading Mode"},"sceneLighting":true,"audioPlay":false,"sceneViewState":{"m_AlwaysRefresh":false,"showFog":true,"showSkybox":true,"showFlares":true,"showImageEffects":true,"showParticleSystems":true,"showVisualEffectGraphs":true,"m_FxEnabled":false},"in2DMode":false,"pivot":{"x":586.5839233398438,"y":356.23431396484377,"z":-60.09112548828125},"rotation":{"x":-0.02248387224972248,"y":0.013874231837689877,"z":-0.0016966367838904262,"w":-1.0001600980758668},"size":420.4507751464844,"orthographic":false}